analysis,tau_short,tau_long,tau_hybrid,IVB,CE,RE,CE_share,max_d_omega,max_d_lambda,R2_CA_GDP
CA_GDP_only,-0.272007425397325,-0.268457572471527,-0.26985211536347,0.00354985292579751,0.00215531003385439,0.00139454289194313,0.607154741029213,0.00105915641035613,0.00841270380602248,0.494323942483335
all_covariates,-0.272007425397325,-0.263940461821194,-0.287428958933015,0.00806696357613101,-0.0154215335356904,0.0234884971118214,-1.91168999217011,0.00510222564221113,0.0480505271187249,0.494323942483335
marginal_CA_GDP,-0.258471609621602,-0.263940461821194,-0.267712976369842,-0.00546885219959137,-0.00924136674823983,0.00377251454864846,1.68981834047926,0.00138405637910951,0.0109073758070608,0.494323942483335
